<?xml version="1.0" encoding="UTF-8"?>
<project-private xmlns="http://www.netbeans.org/ns/project-private/1">
    <editor-bookmarks xmlns="http://www.netbeans.org/ns/editor-bookmarks/2" lastBookmarkId="0"/>
    <open-files xmlns="http://www.netbeans.org/ns/projectui-open-files/2">
        <group>
            <file>file:/D:/Documentos/GitHub/Programacion.Egg-GobiernoMendoza-Tarde/Guia%2008%20Java%20Relaciones/CodigoEjemploRelacionesMza4mil/src/servicios/DepartamentoServicio.java</file>
            <file>file:/D:/Documentos/GitHub/Programacion.Egg-GobiernoMendoza-Tarde/Guia%2008%20Java%20Relaciones/CodigoEjemploRelacionesMza4mil/src/principal/ClaseMain.java</file>
            <file>file:/D:/Documentos/GitHub/Programacion.Egg-GobiernoMendoza-Tarde/Guia%2008%20Java%20Relaciones/CodigoEjemploRelacionesMza4mil/src/servicios/PersonaTerratenienteServicio.java</file>
            <file>file:/D:/Documentos/GitHub/Programacion.Egg-GobiernoMendoza-Tarde/Guia%2008%20Java%20Relaciones/CodigoEjemploRelacionesMza4mil/src/entidades/Departamento.java</file>
            <file>file:/D:/Documentos/GitHub/Programacion.Egg-GobiernoMendoza-Tarde/Guia%2008%20Java%20Relaciones/CodigoEjemploRelacionesMza4mil/src/entidades/PersonaTerrateniente.java</file>
        </group>
        <group name="Guia 2 Java POO"/>
    </open-files>
</project-private>
